CREATE DATABASE CSE_3A_153
--lab 1
CREATE TABLE DEPOSIT(
  ACTNO INT,
  CNAME VARCHAR(50),
  BNAME VARCHAR(50),
  AMOUNT DECIMAL(8,2),
  ADATE DATETIME
);

CREATE TABLE BRANCH(
 BNAME VARCHAR(50),
 CITY VARCHAR(50)
);

CREATE TABLE CUSTOMERS(
  CNAME VARCHAR(50),
  CITY VARCHAR(50)
);

CREATE TABLE BORROW(
LOANNO INT,
CNAME VARCHAR(50),
BNAME VARCHAR(50),
AMOUNT DECIMAL(8,2)
);

INSERT INTO DEPOSIT VALUES(101,'ANIL','VRCE',1000,'1995-3-1')
INSERT INTO DEPOSIT VALUES(102,'SUNIL','AJNI',5000,'1996-1-4')
INSERT INTO DEPOSIT VALUES(103,'MEHUL','KAROLBAGH',3500,'1995-11-17')
INSERT INTO DEPOSIT VALUES(104,'MADHURI','CHANDI',1200,'1995-12-17')
INSERT INTO DEPOSIT VALUES(105,'PRAMOD','M.G.ROAD',3000,'1996-3-27')
INSERT INTO DEPOSIT VALUES(106,'SANDIP','ANDHERI',2000,'1995-3-31')
INSERT INTO DEPOSIT VALUES(107,'SHIVANI','VIRAR',1000,'1995-9-5')
INSERT INTO DEPOSIT VALUES(108,'KRANTI','NEHRU PALACE',5000,'1995-7-2')
INSERT INTO DEPOSIT VALUES(109,'MINU','POWAI',1000,'1995-8-10')
SELECT *FROM DEPOSIT

INSERT INTO BRANCH VALUES
('VRCE','NAGPUR'),
('AJNI','NAGPUR'),
('KAROLBAGH','DELHI'),
('CHANDI','NAGPUR'),
('DHARAMPETH','NAGPUR'),
('M.G.ROAD','BENGALORE'),
('ANDHERI','BOMBAY'),
('VIRAR','BOMBAY'),
('NEHRU PALACE ','DELHI'),
('POWAI','BOMBAY');

SELECT *FROM BRANCH
--DELETE FROM BRANCH WHERE CITY='NAGPUR'
--DELETE FROM BRANCH WHERE CITY='BENGALORE'
--DELETE FROM BRANCH WHERE CITY='BOMBAY'
--DELETE FROM BRANCH WHERE CITY='DELHI'

INSERT INTO CUSTOMERS VALUES
('ANIL','CALCUTTA'),
('SUNIL','DELHI'),
('MEHUL','BARODA'),
('MANDAR','PATNA'),
('MADHURI','NAGPUR'),
('PRAMOD','NAGPUR'),
('SANDIP','SURAT'),
('SHIVANI','BOMBAY'),
('KRANTI','BOMBAY'),
('NAREN','BOMBAY');
SELECT *FROM CUSTOMERS

INSERT INTO BORROW VALUES
(101,'ANIL','VRCE',1000),
(201,'MEHUL','AJNI',1000),
(301,'SUNIL','DHARAMPETH',1000),
(401,'MADHURI','ANDHERI',1000),
(501,'PRAMOD','VIRAR',1000),
(601,'KRANTI','NEHRU PALACE',1000);
SELECT *FROM BORROW




